"Gender","Director","Title","Rating"
"male","Abbas Kiarostami","Orderly or Disorderly",6.5
"male","Abhishek Sharma","Tere Bin Laden Dead or Alive",4.3
"male","Abolfazl Jalili","Full or Empty",6.9
"male","Adam Elliot","Mary and Max",8.2
"male","Adisa","All or Nothing",5.7
"male","Akira Kurosawa","High and Low",8.4
"male","Al Lowe","Leisure Suit Larry 6: Shape Up or Slip Out!",8.1
"male","Alain Resnais","Muriel, or The Time of Return",7.5
"male","Alain Resnais","Night and Fog",8.6
"male","Alain Corneau","Fear and Trembling",7.1
"male","Alain Tanner","Charles, Dead or Alive",7.4
"male","Alain Chabat","Asterix and Obelix Meet Cleopatra",6.6
"male","Alan Rafkin","The Ghost and Mr. Chicken",7.4
"male","Alan Chan","Hell's Fury: Wanted Dead or Alive",3.5
"male","Alan Gibson","Checkered Flag or Crash",4.5
"male","Alan Rudolph","Mrs. Parker and the Vicious Circle",6.4
"male","Alan Johnson","To Be or Not to Be",6.8
"male","Albert C. Gannaway","Man or Gun",5.8
"male","Albert Capellani","The Talisman or Sheep's Foot",6.3
"male","Albert Pyun","The Sword and the Sorcerer",5.7
"male","Albert Capellani","Germinal; or, The Toll of Labor",7.1
"male","Alejandro G. Iñárritu","Birdman or (The Unexpected Virtue of Ignorance)",7.8
"male","Alejandro Jodorowsky","Fando and Lis",7.1
"male","Alejo Taube","One or the Other",6.4
"male","Alek Lev","Ready or Not",4.1
"male","Alek Keshishian","Madonna: Truth or Dare",6.1
"male","Alek Keshishian","Love and Other Disasters",6.3
"male","Aleksandr Petrov","The Old Man and the Sea",8.1
"male","Aleksandr Sokurov","Mother and Son",7.6
"male","Alex Cox","Sid and Nancy",7.1
"male","Alex Lovy","Alice in Wonderland or What's a Nice Kid Like You Doing in a Place Like This?",7
"male","Alex Gibney","Going Clear: Scientology and the Prison of Belief",8.1
"male","Alex Gibney","Gonzo: The Life and Work of Dr. Hunter S. Thompson",7.8
"male","Álex de la Iglesia","Witching and Bitching",6.4
"male","Alexander Siqueira","More or Less",6.4
"male","Alfonso Gomez-Rejon","Me and Earl and the Dying Girl",7.8
"male","Alfonso Cuarón","Harry Potter and the Prisoner of Azkaban",7.8
"male","Alvy Ray Smith","André and Wally B.",5.4
"male","Anand Tucker","Hilary and Jackie",7.4
"male","Anatole Litvak","All This, and Heaven Too",7.7
"male","André van Heerden","Dragons or Dinosaurs?",5.7
"male","André van Heerden","Dragons or Dinosaurs?",5.7
"male","Andrei Tarkovsky","The Steamroller and the Violin",7.6
"male","Andrew Knight","Beauty and the Beast: The Enchanted Christmas",6.1
"male","Andrew Grieve","Horatio Hornblower: The Duchess and the Devil",8
"male","Andrew Chojecki","Mickey Rourke, Actor or Boxer?",6.6
"male","Andrew Adamson","The Chronicles of Narnia: The Lion, the Witch and the Wardrobe",6.9
"male","Andrews Jenkins","How to Rob a Bank (and 10 Tips to Actually Get Away with It)",6.2
"male","Andrzej Wajda","Ashes and Diamonds",7.9
"male","Andy Sidaris","Do or Die",3.4
"male","Andy Tennant","Anna and the King",6.7
"male","Ang Lee","Sense and Sensibility",7.7
"female","Angelina Jolie","In the Land of Blood and Honey",4.3
"female","Anne-Marie Etienne","Sooner or Later",3
"male","Anthony Bell","Alpha and Omega",5.3
"male","Anthony Russo","You, Me and Dupree",5.6
"male","Anthony Minghella","Breaking and Entering",6.5
"male","Anthony Straeger","Trick or Treat",6.7
"male","Anthony Giordano","UFC 67: All or Nothing",7.4
"male","Anthony Mathile","Come Rain or Shine",8.3
"female","Aparna Sen","Mr. and Mrs. Iyer",8
"male","Archie Mayo","Confirm or Deny",6.5
"male","Arnaldo Jabor","Love Me Forever or Never",6.9
"male","Arnaud Larrieu","To Paint or Make Love",6.1
"male","Arnaud Desplechin","My Sex Life... or How I Got Into an Argument",6.9
"male","Arne Nolting","Truth or Dare",6.6
"male","Arthur Penn","Bonnie and Clyde",7.9
"male","Arthur Hurley","Believe It or Not #4",5.8
"male","Arthur Hurley","Believe It or Not #9",6.2
"male","Axel Hildebrand","Somebody or The Rise and Fall of Philosophy",4.7
"male","Bahrudin 'Bato' Cengic","Heads or Tails",6.6
"male","Barbet Schroeder","Before and After",6.1
"male","Barry Sonnenfeld","For Love or Money",6.1
"male","Ben Ramsey","Blood and Bone",6.7
"male","Bernard Dartigues","Ariane ou l'âge d'or",7.6
"male","Bernardo Bertolucci","Me and You",6.6
"female","Betty Thomas","Alvin and the Chipmunks: The Squeakquel",4.5
"male","Bill Alexander","Tartuffe, or The Impostor",7.4
"male","Bill Condon","Gods and Monsters",7.5
"male","Bill Bennett","Kiss or Kill",6.4
"male","Bill Melendez","Dick Deadeye, or Duty Done",6.8
"male","Billy Wilder","The Major and the Minor",7.6
"male","Blake Edwards","Days of Wine and Roses",7.9
"male","Bob Hoge","Marry Me or Die",7.3
"male","Bob Rafelson","Blood and Wine",6.1
"male","Bob Vosse","Coffee, Tea or Me",5.9
"male","Bob Badway","Scary or Die",4
"male","Bob Balaban","Bernard and Doris",6.6
"male","Bobby Farrelly","Dumb and Dumber To",5.7
"male","Brad Silberling","10 Items or Less",6.7
"male","Brad Turner","Paris or Somewhere",7
"male","Bradley Raymond","Tinker Bell and the Great Fairy Rescue",7
"male","Brendan Toller","I Need That Record! The Death (or Possible Survival) of the Independent Record Store",6.7
"male","Brian Amyot","Double Dip or: How Four Discs of Pearl Harbor Ruined My Life",7.6
"male","Brian Mahoney","Pierrot in Turquoise or The Looking Glass Murders",5.9
"female","Britt Allcroft","Thomas and the Magic Railroad",3.6
"male","Bruce La Bruce","Otto; or, Up with Dead People",5.3
"male","Bruce Hart","Sooner or Later",7.9
"male","Bruno Corbucci","Trinity: Good Guys and Bad Guys",6.2
"male","Bryan Spicer","For Richer or Poorer",5.7
"male","Burr Steers","Pride and Prejudice and Zombies",5.8
"male","Çagan Irmak","My Father and My Son",8.7
"male","Camillo Mastrocinque","Are We Men or Corporals?",7.1
"female","Carol Reed","The Agony and the Ecstasy",7.2
"female","Cassandra Nicolaou","Why I'll Never Trust You (In 200 Words or Less)",6.4
"male","Cecil B. DeMille","Samson and Delilah",6.8
"male","Cedric Gibbons","Tarzan and His Mate",7.6
"male","Cédric Klapisch","Not for, or Against (Quite the Contrary)",6.5
"male","Cem Yilmaz","Ali Baba and the Seven Dwarfs",6.3
"male","Cesc Gay","Nico and Dani",6.9
"male","Chad S. Taylor","Buskers; For Love or Money",7.1
"male","Charles R. Bowers","Believe it or Don't",5.4
"male","Charles Barton","Toby Tyler, or Ten Weeks with a Circus",7.1
"male","Charles Lamont","Abbott and Costello Meet the Invisible Man",7
"male","Charles Norton","Kick or Die",2.9
"male","Charles Lamont","Abbott and Costello Meet Dr. Jekyll and Mr. Hyde",6.7
"male","Charles Lamont","Abbott and Costello Meet the Mummy",6.5
"male","Charles Vidor","Love Me or Leave Me",7.2
"male","Charles Barton","Abbott and Costello Meet Frankenstein",7.6
"male","Charles Martin Smith","Trick or Treat",5.7
"male","Charles Eames","Parade, or Here They Come Down Our Street",6.9
"male","Charles Barton","Abbott and Costello Meet the Killer, Boris Karloff",7.1
"female","Cheryl Furjanic","Sync or Swim",7.9
"male","Chris W. Hill","Ride or Die",2
"male","Chris Nelson","Date and Switch",5.8
"male","Chris Columbus","Harry Potter and the Sorcerer's Stone",7.5
"male","Chris Columbus","Harry Potter and the Chamber of Secrets",7.4
"male","Chris Tyrrell","Naughty or Nice",6.1
"male","Chris Lavis","Higglety Pigglety Pop! or There Must Be More to Life",6.9
"male","Chris Boyle","Airlock, or How to Say Goodbye in Space",6.6
"male","Christophe Gans","Beauty and the Beast",6.4
"male","Christopher Leitch","Murder or Memory: A Moment of Truth Movie",6.2
"male","Chuan Lu","City of Life and Death",7.7
"male","Chuck Jones","Soup or Sonic",7
"male","Chuck Jones","The Dover Boys at Pimento University or The Rivals of Roquefort Hall",7.2
"male","Chuck O'Neil","The Rally to Restore Sanity and/or Fear",7.4
"male","Chuck Jones","To Duck... or Not to Duck",7.4
"male","Chuck Jones","To Beep or Not to Beep",7.7
"male","Chuck Jones","Double or Mutton",7.6
"male","Clarence Brown","Flesh and the Devil",8.1
"male","Clarence Yiu-leung Fok","Don't Turn Around, or You'll Be Sorry",5.2
"male","Clark Kline","Heads or Tails",7.2
"male","Claude Fournier","Heads or Tails",6
"male","Claude Berri","Hunting and Gathering",6.8
"male","Claude Zidi","The Wing or Thigh?",7.3
"male","Claude Zidi","Asterix and Obelix vs. Caesar",5.9
"male","Claude Chabrol","Alice or the Last Escapade",7
"male","Claude Lelouch","Chance or Coincidence",6.7
"male","Claude Lelouch","A Man and a Woman",7.7
"male","Claude Fournier","Deux femmes en or",4.2
"male","Clint Eastwood","Midnight in the Garden of Good and Evil",6.6
"male","Clive A. Smith","Intergalactic Thanksgiving or Please Don't Eat the Planet",7.5
"male","Clyde Geronimi","Lady and the Tramp",7.3
"male","C.M. Talkington","Love and a .45",6.1
"male","Corey Yuen","DOA: Dead or Alive",4.8
"male","Corneliu Porumboiu","When Evening Falls on Bucharest or Metabolism",6.3
"male","Craig Ross Jr.","Ride or Die",4.3
"male","Craig Moss","The 41-Year-Old Virgin Who Knocked Up Sarah Marshall and Felt Superbad About It",2.7
"male","Craig Moss","The 41-Year-Old Virgin Who Knocked Up Sarah Marshall and Felt Superbad About It",2.7
"male","Craig Gillespie","Lars and the Real Girl",7.4
"male","Cristian Mungiu","4 Months, 3 Weeks and 2 Days",7.9
"male","Cullen Hoback","Terms and Conditions May Apply",7.4
"male","Curt Worden","One Fast Move or I'm Gone: Kerouac's Big Sur",8.2
"male","Damiano Damiani","A Genius, Two Friends, and an Idiot",6.4
"male","Damon Blalack","Let Us Go and Burn Her Body; Or, The Devil Done Let Out",1.9
"male","Daniel Schmid","Tonight or Never",7.6
"male","Daniel Kusan","Love or Death",6
"male","Daniel Poliner","Right Foot, Left Foot or The Daring Young Man in the Cubicle",8.3
"male","Daniel Vigne","One Woman or Two",5.4
"male","Daniel Waters","Sex and Death 101",6
"female","Danièle Huillet","Eyes Do Not Want to Close at All Times, or, Perhaps One Day Rome Will Allow Herself to Choose in Her Turn",7.8
"male","Danny Mooney","Love and Honor",5.7
"male","Darrell Rooney","Lady and the Tramp 2: Scamp's Adventure",5.9
"male","Dave Robinson","Take It or Leave It",7.3
"male","Dave Fleischer","For Better or For Worser",7.1
"male","Dave Schram","Lover or Loser",5
"male","Dave McGlone","All or Nothing",7
"male","David Jackson","Do or Die",4.4
"male","David Mamet","State and Main",6.8
"male","David Mirkin","Romy and Michele's High School Reunion",6.1
"male","David Yates","Harry Potter and the Half-Blood Prince",7.5
"male","David Yates","Harry Potter and the Order of the Phoenix",7.5
"male","David Blair","Wax, or the Discovery of Television Among the Bees",7.1
"male","David Yates","Harry Potter and the Deathly Hallows: Part 1",7.7
"male","David Lowell Rich","Beg, Borrow, or Steal",6.7
"male","David Palmer","Hit and Run",6.1
"male","David Willcock","Fact or Fiction: Braveheart",6.8
"male","David Mun","House of Good and Evil",5.8
"male","David Anspaugh","Moonlight and Valentino",5.8
"male","David Dhawan","Ek Aur Ek Gyarah: By Hook or by Crook",5
"male","David Mackay","Naughty or Nice",6.5
"male","David Mackenzie","Hell or High Water",8
"male","David Naylor","Inside: 'Dr. Strangelove or How I Learned to Stop Worrying and Love the Bomb'",7.5
"male","David Yates","Harry Potter and the Deathly Hallows: Part 2",8.1
"male","Dean Hamilton","Blonde and Blonder",2.9
"male","Dean Parisot","Fun with Dick and Jane",6.1
"male","Del Lord","Ten Dollars or Ten Days",5.9
"male","Dennis Dugan","Jack and Jill",3.4
"male","Dick Richards","March or Die",6.3
"male","Dick Lowry","Smokey and the Bandit Part 3",3.3
"male","Dome Karukoski","Beauty and the Bastard",6.6
"male","Dominic Fera","Die Now or Live Forever",8.7
"male","Dominic Anciano","Love, Honor and Obey",6.5
"male","Don Roos","Love and Other Impossible Pursuits",6.4
"male","Don Bluth","The Pebble and the Penguin",5.6
"male","Don Chaffey","Jason and the Argonauts",7.4
"male","Doug Atchison","Akeelah and the Bee",7.5
"male","Doug Liman","Mr. and Mrs. Smith",6.4
"male","Douglas Carrigan","SpongeBob's Truth or Square",7
"male","Drew Barrymore","Choose or Lose Presents: The Best Place to Start",7
"male","Duane Graves","Kill or Be Killed",4.4
"male","Duane Hopkins","Love Me or Leave Me Alone",6.4
"male","Duccio Tessari","Alive or Preferably Dead",5.4
"male","Dusan Makavejev","Love Affair, or the Case of the Missing Switchboard Operator",7.4
"male","D.W. Griffith","The Avenging Conscience: or 'Thou Shalt Not Kill'",7
"male","D.W. Griffith","Pippa Passes; or, The Song of Conscience",5.9
"male","Edward D. Wood Jr.","Glen or Glenda",4.1
"male","Edwin S. Porter","The Strenuous Life; or, Anti-Race Suicide",4.8
"female","Elaine Wu","Chicken or the Egg",7.2
"male","Eldar Shengelaia","Blue Mountains, or Unbelievable Story",8.9
"male","Elem Klimov","Welcome, or No Trespassing",8.3
"male","Elem Klimov","Come and See",8.3
"male","Eli Craig","Tucker and Dale vs Evil",7.6
"female","Elizabeth Allen Rosenbaum","Ramona and Beezus",6.7
"female","Elizabeth Allen Rosenbaum","Ramona and Beezus",6.7
"male","Elmer Clifton","Dead or Alive",5.7
"male","Emile Ardolino","3 Men and a Little Lady",5.2
"female","Enda McCallion","Hit and Run",4.6
"male","Eric Laneuville","Naughty or Nice",5.8
"male","Éric Rohmer","Presentation, or Charlotte and Her Steak",6.7
"male","Ernst Lubitsch","To Be or Not to Be",8.2
"male","Errol Morris","Mr. Death: The Rise and Fall of Fred A. Leuchter, Jr.",7.5
"male","Ettore Scola","Ugly, Dirty and Bad",7.9
"male","Federico Fellini","And the Ship Sails On",7.7
"male","Federico Fellini","Ginger and Fred",7.3
"male","Fei Lung Huang","Wanted! Bruce Li, Dead or Alive",7.2
"male","Felix Herngren","The 100 Year-Old Man Who Climbed Out the Window and Disappeared",7.1
"male","Ferenc Leroget","The Monster of Camp Sunshine or How I Learned to Stop Worrying and Love Nature",2.9
"male","Francis Ford Coppola","Tucker: The Man and His Dream",6.9
"male","Franco Zeffirelli","Romeo and Juliet",7.7
"male","François Truffaut","Jules and Jim",7.9
"male","François Ozon","Truth or Dare",6.5
"male","Frank Tashlin","Hollywood or Bust",6.6
"male","Frank Capra","Arsenic and Old Lace",8.1
"male","Frank Krom","To Play or To Die",6.4
"male","Frank Capra","Rain or Shine",6
"male","Franklin J. Schaffner","Nicholas and Alexandra",7.3
"male","Franz Hofer","The Black Ball; or, Vengeance Bequeathed",5.3
"male","Fred Barney Taylor","The Polymath, or The Life and Opinions of Samuel R. Delany, Gentleman",6.6
"male","Fred C. Newmeyer","Now or Never",6.8
"male","Fred Schepisi","Words and Pictures",6.6
"male","Friz Freleng","Trick or Tweet",6.8
"male","Gabriel Lichtmann","Jews in Space or Why Is this Night Different from All Other Nights?",6.8
"male","Gaëtan Brizzi","Asterix and Caesar",6.8
"male","Garry Marshall","Frankie and Johnny",6.7
"male","Gary Trousdale","Beauty and the Beast",8
"male","Gary Chason","Everything or Nothing",8.1
"male","Gary Nelson","Allan Quatermain and the Lost City of Gold",4.3
"male","Gary Wing-Lun Mak","Inside or Outside",5.5
"male","Gary Graver","Trick or Treats",3.9
"male","Gary Sinise","Of Mice and Men",7.5
"male","Gary Sherman","Wanted: Dead or Alive",5.9
"male","Gavin O'Connor","Pride and Glory",6.7
"male","Gene Quintano","For Better or For Worse",5.1
"female","Geneviève Hamon","Acera, or the Witches' Dance",6.7
"male","Geoffrey Sax","Christopher and His Kind",7
"male","George Roy Hill","Butch Cassidy and the Sundance Kid",8.1
"male","George Clooney","Good Night, and Good Luck.",7.5
"male","George Cukor","Pat and Mike",7
"male","George Pollock","Kill or Cure",6
"male","Georges Méliès","Oh! What a Night; or, The Sultan's Dream",5.8
"male","Georges Méliès","A Moonlight Serenade; or, The Miser Punished",5.8
"male","Georges Méliès","Cinderella or The Glass Slipper",5.7
"male","Georges Méliès","Cinderella or The Glass Slipper",6
"male","Georges Lautner","Cop or Hood",6.8
"male","Gian Luigi Polidoro","To Bed or Not to Bed",6.8
"male","Gil Junger","Get Smart's Bruce and Lloyd Out of Control",5
"female","Gillian Armstrong","Oscar and Lucinda",6.7
"male","Glasgow Phillips","Undead or Alive: A Zombedy",5.3
"male","Glenn Gordon Caron","Clean and Sober",6.7
"male","Goran Markovic","Tito and Me",8.1
"male","Gordon Douglas","Robin and the 7 Hoods",6.5
"male","Gordon Flemyng","Dr. Who and the Daleks",5.7
"male","Greg Beeman","Mom and Dad Save the World",5.3
"male","Gregg Kavet","Live Free or Die",5.6
"male","Gregory C. Haynes","Heaven or Vegas",4.8
"male","Gregory Colbert","Ashes and Snow",8.4
"male","Gregory Monro","Choose or Lose",8.2
"male","Guel Arraes","Lisbela and the Prisoner",7.5
"male","Guillaume Gallienne","Me, Myself and Mum",6.7
"female","Gurinder Chadha","Angus, Thongs and Perfect Snogging",6.4
"male","Gustav Hofer","Italy: Love It, or Leave It",6.6
"male","Guy Hamilton","Live and Let Die",6.8
"male","Guy Ritchie","Lock, Stock and Two Smoking Barrels",8.2
"male","Guy Maddin","Odilon Redon or The Eye Like a Strange Balloon Mounts Toward Infinity",7.1
"male","Hal Needham","Smokey and the Bandit",6.9
"male","Hal Ashby","Harold and Maude",8
"male","Hal Needham","Smokey and the Bandit II",5.1
"male","Hans Schott-Schöbinger","Play the Game or Leave the Bed",5.2
"male","Hark Tsui","Time and Tide",6.9
"male","Harry Dodge","By Hook or by Crook",5.9
"male","Harry Elfont","Josie and the Pussycats",5.3
"male","Helmut Käutner","Without Trumpet or Drum",4.8
"male","Henning Lohner","Dennis Hopper: Create (or Die)",7.5
"male","Henning Carlsen","Your Money or Your Life",4.9
"male","Henry Selick","James and the Giant Peach",6.7
"male","Howard Hawks","To Have and Have Not",8
"male","Hugh Symonds","Deep Purple: Come Hell or High Water",8.3
"male","Ian MacNaughton","And Now for Something Completely Different",7.6
"male","Igor Maslennikov","The Adventures of Sherlock Holmes and Dr. Watson: The Hound of the Baskervilles",8.9
"male","Ingmar Bergman","Sawdust and Tinsel",7.7
"male","Ingmar Bergman","Fanny and Alexander",8.1
"male","Irving Reis","The Bachelor and the Bobby-Soxer",7.3
"male","Irwin Winkler","Night and the City",5.9
"male","Izzy Sparber","To Boo or Not to Boo",6.4
"male","Izzy Sparber","Friend or Phony",6.5
"male","Izzy Sparber","For Better or Nurse",7.1
"male","J. Stuart Blackton","Princess Nicotine; or, The Smoke Fairy",6.6
"male","J. Stuart Blackton","Mysterious Cafe, or Mr. and Mrs. Spoopendyke Have Troubles with a Waiter",5.4
"male","J. Searle Dawley","The Trainer's Daughter; or, A Race for Love",4.5
"male","J. Randall Argue","Shoot or Be Shot",5
"male","Jack Hannah","Trick or Treat",7.2
"male","Jack Hill","Spider Baby or, The Maddest Story Ever Told",7
"male","Jackie Chan","Miracles - Mr. Canton and Lady Rose",7.2
"male","Jacques Rivette","Celine and Julie Go Boating",7.8
"male","Jacques Audiard","Rust and Bone",7.5
"female","Jacqui Busséy","Game of Thrones: You Win or You Die - Inside the HBO Series",8.4
"male","Jake Szymanski","Mike and Dave Need Wedding Dates",6.1
"male","James Toback","Two Girls and a Guy",5.6
"male","James Moll","Foo Fighters: Back and Forth",8.4
"male","James Franco","Francophrenia (Or Don't Kill Me, I Know Where the Baby Is)",5.7
"male","James Yuen","Your Place or Mine",6.8
"male","James Edward Grant","Angel and the Badman",7
"male","James Algar","The Adventures of Ichabod and Mr. Toad",7.2
"male","James Nguyen","Birdemic: Shock and Terror",1.8
"male","James Mangold","Knight and Day",6.3
"male","Jan Wellmann","Sobhraj, or How to Be Friends with a Serial Killer",6.4
"male","Jaromil Jires","Valerie and Her Week of Wonders",7.2
"male","Jason Alexander","For Better or Worse",4.8
"male","Jason Carr","Spider-Man: Friend or Foe",6.8
"male","Jay Gira","OJ Simpson: Monster or Myth?",4.9
"female","Jean Aurel","Are You Engaged to a Greek Sailor or an Airline Pilot?",5.1
"female","Jean Cocteau","Beauty and the Beast",8
"female","Jean Eustache","The Mother and the Whore",8.2
"male","Jean-Luc Godard","Two or Three Things I Know About Her...",7
"male","Jean-Pierre Mocky","Your Money or Your Life",5.5
"male","Jean-Pierre Jeunet","The Young and Prodigious T.S. Spivet",7.1
"male","Jean-Pierre Jeunet","The Young and Prodigious T.S. Spivet",7.1
"male","Jeff Margolis","Be Somebody... or Be Somebody's Fool!",8.3
"male","Jeff Feuerzeig","The Devil and Daniel Johnston",8
"male","Jens Jonsson","K-G for Better or for Worse",6.5
"male","Jeremy Degruson","Thunder and the House of Magic",6.3
"male","Jerzy Skolimowski","Your Money or Your Life",5.8
"male","Jerzy Hoffman","With Fire and Sword",7.1
"male","Jesse Hibbs","To Hell and Back",7.5
"female","Jessica Cameron","Truth or Dare",5.4
"male","Jim Stenstrum","Scooby-Doo and the Cyber Chase",6.9
"male","Jim Sheridan","Get Rich or Die Tryin'",5.1
"male","Jim Jarmusch","Coffee and Cigarettes",7.1
"male","Jim Stenstrum","Scooby-Doo and the Alien Invaders",6.8
"male","Jim Loach","Oranges and Sunshine",7.1
"male","Jim Stenstrum","Scooby-Doo and the Witch's Ghost",7.2
"male","Jindrich Honzl","Your Money or Your Life",7.7
"male","Jirí Chlumský","Halt, or I'll Miss!",5.2
"male","J.L. Aronson","Danielson: A Family Movie (or, Make a Joyful Noise Here)",7.3
"female","Jocelyn Cammack","Better or Worse?",5.3
"male","Jody Hill","Observe and Report",5.8
"male","John Sturges","The Old Man and the Sea",7
"male","John Pasquin","Miss Congeniality 2: Armed and Fabulous",5
"male","John Landis","Burke and Hare",6.2
"male","John Lasseter","Mater and the Ghostlight",6.7
"male","John Herzfeld","The Death and Life of Bobby Z",5.9
"male","John Stephenson","Five Children and It",5.6
"male","John Schlesinger","The Falcon and the Snowman",6.8
"male","John Krish","Friend or Foe",6.1
"male","John R. Cherry III","The All New Adventures of Laurel & Hardy in 'For Love or Mummy'",4.6
"male","John Alan Schwartz","Faces of Death: Fact or Fiction?",3.1
"male","John McNaughton","Mad Dog and Glory",6.2
"male","John Boorman","Hope and Glory",7.4
"male","John Milius","The Wind and the Lion",7
"male","John Scheinfeld","No Fighting in the War Room or Dr. Strangelove and the Nuclear Threat",6.5
"male","John Landis","Michael Jackson: Black or White",7.8
"male","John Polson","Hide and Seek",5.9
"male","John Cameron Mitchell","Hedwig and the Angry Inch",7.8
"male","John Guillermin","Hell, Heaven or Hoboken",6.9
"male","John Ruffin","Love Me or Leave Me",6.9
"male","John Madden","Truth or Dare",7.3
"male","John Lyde","Money or Mission",7.1
"male","John Huston","The Life and Times of Judge Roy Bean",7
"male","John Cassavetes","Minnie and Moskowitz",7.5
"male","John Rawlins","Sherlock Holmes and the Voice of Terror",6.8
"male","John S. Robertson","Dr. Jekyll and Mr. Hyde",7
"male","Jon M. Chu","Jem and the Holograms",4
"male","Jon Stone","Big Bird's Birthday or Let Me Eat Cake",7.5
"male","Jonas Mekas","Paradise Not Yet Lost, or Oona's Third Year",8
"male","Jonas Mekas","Zefiro Torna or Scenes from the Life of George Maciunas (Fluxus)",6.6
"male","Jonathan Lynn","Trial and Error",5.7
"male","Jonathan Demme","Melvin and Howard",6.9
"male","Jonathan Demme","Ricki and the Flash",6
"male","Joon-ik Lee","The King and the Clown",7.5
"male","Joseph Sargent","For Love or Country: The Arturo Sandoval Story",7.4
"male","Joseph W. Sarno","The Switch or How to Alter Your Ego",6.5
"male","Joseph L. Mankiewicz","Guys and Dolls",7.3
"male","Joseph L. Mankiewicz","The Ghost and Mrs. Muir",7.9
"male","Joseph Henabery","Double or Nothing",6
"male","Joseph Jacoby","Hurry Up, or I'll Be 30",5.5
"male","Joshua Alper","Angels: Good or Evil",6.5
"male","Jules Dassin","Night and the City",8
"male","Julian Schnabel","The Diving Bell and the Butterfly",8
"male","Julien Temple","The Filth and the Fury",7.7
"male","Julien Nitzberg","The Wild and Wonderful Whites of West Virginia",7.1
"male","Julio Medem","Sex and Lucia",7.2
"male","Julio García Espinosa","One Way or Another",6.6
"male","Justin Lin","The Fast and the Furious: Tokyo Drift",6
"male","Kaige Chen","The Emperor and the Assassin",7.3
"male","Kamal El Sheikh","Life or Death",7.6
"male","Karel Reisz","Saturday Night and Sunday Morning",7.7
"female","Karen Shakhnazarov","Poisons or the World History of Poisoning",6.6
"female","Karen Sosnoski","Wedding Advice: Speak Now or Forever Hold Your Peace",8
"female","Katja von Garnier","Blood and Chocolate",5.5
"male","Katsunori Ehara","Dead or Alive 4",7.7
"male","Katsunori Ehara","Dead or Alive Xtreme 2",7.7
"female","Kelly Reichardt","Wendy and Lucy",7.1
"male","Ken Kwapis","The Beautician and the Beast",5.3
"male","Ken Loach","Bread and Roses",7.1
"male","Ken Annakin","Those Magnificent Men in Their Flying Machines or How I Flew from London to Paris in 25 hours 11 minutes",7
"male","Ken Loach","Land and Freedom",7.6
"male","Kenji Misumi","Lone Wolf and Cub: Baby Cart at the River Styx",8.1
"male","Kenji Misumi","Lone Wolf and Cub: Sword of Vengeance",7.9
"male","Kenji Misumi","Lone Wolf and Cub: Baby Cart to Hades",7.8
"male","Kenneth Botelho","Dio: Evil or Divine",8.5
"male","Kentarô Ohtani","Thirty Lies or So",5.9
"female","Keren Yedaya","Or (My Treasure)",7.1
"male","Kerry Conran","Sky Captain and the World of Tomorrow",6.1
"male","Kevin Burns","Starz Inside: Ladies or Gentlemen",7.5
"male","Kevin Smith","Jay and Silent Bob Strike Back",6.9
"male","Kevin Smith","Zack and Miri Make a Porno",6.6
"male","Khavn","Mondomanila, or: How I Fixed My Hair After a Rather Long Journey",6.4
"male","Kianoush Ayari","To Be or Not to Be",7.2
"male","Ki-duk Kim","Spring, Summer, Fall, Winter... and Spring",8.1
"male","Kiefer Sutherland","Truth or Consequences, N.M.",6.3
"male","Kihachiro Kawamoto","Briar-Rose or the Sleeping Beauty",7
"male","King Vidor","War and Peace",6.8
"male","Kiyoshi Kurosawa","Suit Yourself or Shoot Yourself: The Hero",7.2
"male","Klay Hall","Tinker Bell and the Lost Treasure",6.8
"male","Kôji Masunari","Read or Die",7.6
"female","Kristin Hanggi","Naomi and Ely's No Kiss List",5.7
"male","Ladislav Smoljak","Dumb Bobes, or Czech Tarzan",8.6
"male","Larry Rosen","Zombie or Not Zombie",8.5
"male","Larry Charles","Masked and Anonymous",5.5
"male","Lars Büchel","Now or Never",5.9
"male","Lasse Hallström","Shall We Go to My Place or Your Place or Each Go Home Alone?",7
"female","Laura Nix","Whether You Like It or Not: The Story of Hedwig",7.7
"male","Laurence Olivier","The Prince and the Showgirl",6.7
"male","Laurence Ferreira Barbosa","Dying or Feeling Better",5.1
"male","Laurent Tirard","Astérix and Obélix: God Save Britannia",5.3
"male","Lawrence Crowley","Bigfoot: Man or Beast?",7.6
"female","Léa Pool","Lost and Delirious",7
"male","Lech Majewski","The Mill and the Cross",6.9
"female","Lee Friedlander","Give or Take an Inch",7
"male","Len Wiseman","Live Free or Die Hard",7.2
"male","Len Lye","N or NW",6.9
"male","Leonard Nimoy","3 Men and a Baby",5.9
"female","Lesli Linka Glatter","Now and Then",6.7
"male","Lewis Milestone","Of Mice and Men",7.8
"male","Lloyd Kaufman","Tromeo and Juliet",6.2
"male","Louis Clichy","Asterix and Obelix: Mansion of the Gods",7
"male","L.Q. Jones","A Boy and His Dog",6.6
"male","Luc Besson","Arthur and the Invisibles",6
"male","Luc Besson","Arthur and the Revenge of Maltazard",5.3
"male","Luchino Visconti","Rocco and His Brothers",8.3
"male","Lucio Pellegrini","Now or Never",6.3
"male","Luigi Maggi","Nero. Or the Fall of Rome.",5.3
"male","Luis Buñuel","The Young and the Damned",8.3
"male","Macky Alston","Love Free or Die",7.2
"male","Mads Larsen Nielsen","The Day the Women Took Over or I Was a Teenage Neo-Impressionist",6.2
"male","Malte Ludin","2 or 3 Things I Know About Him",7.3
"female","Mami Sunada","The Kingdom of Dreams and Madness",7.8
"male","Mamoru Hosoda","The Boy and the Beast",7.7
"male","Manoel de Oliveira","Benilde or the Virgin Mother",7.2
"male","Manolo Caro","I Don't Know Whether to Slit My Wrists or Leave Them Long",7.2
"male","Manuel Poirier","Women or Children First",6.9
"male","Manuel Sicilia","Justin and the Knights of Valour",6.1
"male","Marc Lawrence","Music and Lyrics",6.5
"male","Marcel Carné","Juliette, or Key of Dreams",7
"male","Marco Kreuzpaintner","Krabat and the Legend of the Satanic Mill",6.1
"male","Marcos Efron","And Soon the Darkness",5.2
"female","Margarethe von Trotta","Sisters, or The Balance of Happiness",7.1
"female","Marie-Claude Treilhou","Simone Barbes or Virtue",6.8
"female","Marina Zenovich","Roman Polanski: Wanted and Desired",7.3
"male","Mario Monicelli","For Love and Gold",8
"male","Mario Bava","Blood and Black Lace",7.3
"female","Marita Grabiak","For Better or for Worse",5.3
"male","Mark Achbar","Manufacturing Consent: Noam Chomsky and the Media",8.2
"male","Mark Aldridge","Rameses: Wrath of God or Man?",5.3
"male","Mark L. Lester","Armed and Dangerous",5.5
"male","Mark Young","Tooth and Nail",4.9
"female","Martha Coolidge","The Prince and Me",5.9
"male","Martin Bourboulon","Daddy or Mommy",6
"male","Martin Sulík","The Key for Determining Dwarfs or The Last Travel of Lemuel Gulliver",7.6
"male","Martin Coombes","The Money or the Gun: Stairways to Heaven",8.5
"male","Martin Fric","The Poacher's Foster Daughter or Noble Millionaire",6.9
"male","Martin Davidson","Eddie and the Cruisers",6.9
"male","Martin Lawrence","A Thin Line Between Love and Hate",5.6
"male","Martyn Friend","Love or Money",6.3
"male","Masanori Hata","The Adventures of Milo and Otis",7.2
"male","Matt Schichter","Lennon or McCartney",6.2
"male","Matt Goodman","For Right or Wrong",7.6
"male","Matt O'Casey","Blondie: One Way or Another",7.8
"male","Matthew Akers","David Blaine: Real or Magic",7.8
"male","Matthew Springford","Ai Weiwei: Without Fear or Favour",7.3
"male","Maurice Pialat","La corne d'or",6.7
"male","Max Miller","LSD: Insight or Insanity?",4.6
"male","Max Nosseck","Kill or Be Killed",5.8
"male","Max Miller","LSD: Insight or Insanity?",4.6
"male","Mel Smith","High Heels and Low Lifes",6.2
"male","Mel Brooks","Dracula: Dead and Loving It",5.8
"male","Melville Shavelson","Yours, Mine and Ours",7.2
"male","Mervyn LeRoy","Tonight or Never",8
"male","Michael Powell","The Life and Death of Colonel Blimp",8.2
"male","Michael Ritchie","Cops and Robbersons",5
"male","Michael Winnick","Guns, Girls and Gambling",5.5
"male","Michael Dudok de Wit","Father and Daughter",7.9
"male","Michael W. Dean","D.I.Y. or Die: How to Survive as an Independent Artist",6.8
"male","Michael Winterbottom","With or Without You",6.2
"male","Michael Moore","Pets or Meat: The Return to Flint",4.6
"male","Michael Lembeck","Connie and Carla",6.3
"male","Michael Patrick King","Sex and the City",5.5
"male","Michael Vejar","Babylon 5: The Legend of the Rangers: To Live and Die in Starlight",6.1
"male","Michael Winterbottom","Tristram Shandy: A Cock and Bull Story",6.8
"male","Michael Cuesta","12 and Holding",7.6
"male","Michael Curtiz","The Private Lives of Elizabeth and Essex",7.2
"male","Michael Lehmann","40 Days and 40 Nights",5.6
"male","Michael Gordon","For Love or Money",6.2
"male","Michael Cimino","Thunderbolt and Lightfoot",7.1
"male","Michael Austin","Killing Dad or How to Love Your Mother",4.8
"male","Michael Patrick King","Sex and the City 2",4.3
"male","Michel Drach","Elise, or Real Life",6.9
"male","Michel Ocelot","Kirikou and the Sorceress",7.6
"male","Michel Deville","Tonight or Never",6.5
"male","Miguel Arteta","Alexander and the Terrible, Horrible, No Good, Very Bad Day",6.2
"male","Miguel Courtois","Skate or Die",4
"male","Mike Newell","Four Weddings and a Funeral",7.1
"male","Mike Binder","Black or White",6.6
"male","Mike Sedan","Married People, Single Sex II: For Better or Worse",3.1
"male","Mike Newell","Harry Potter and the Goblet of Fire",7.7
"male","Mike Judge","Beavis and Butt-Head Do America",6.8
"male","Mike Leigh","All or Nothing",7.6
"male","Mike Gunther","Live Free or Die Hard: Inside the Action",8.3
"male","Mike Mitchell","Alvin and the Chipmunks: Chipwrecked",4.4
"male","Miles Brandman","Sex and Breakfast",5
"male","Milton Rosmer","Maria Marten, or The Murder in the Red Barn",6
"female","Miranda July","Me and You and Everyone We Know",7.4
"male","Miroslav Momcilovic","Seven and a Half",7.8
"male","Monkey Punch","Rupan sansei: Dead or Alive",7.1
"male","Murray Roth","Believe It or Not #2",5.6
"male","Murray Roth","Believe It or Not #1",5.5
"male","Nathaniel Krause","Double or Nothing",5.9
"male","Nick Broomfield","Aileen: Life and Death of a Serial Killer",7.2
"male","Nick Zedd","Geek Maggot Bingo or The Freak from Suckweasel Mountain",3.2
"male","Nick Broomfield","Biggie and Tupac",6.9
"male","Nick Grinde","Hitler--Dead or Alive",4.9
"male","Nick Park","A Matter of Loaf and Death",7.7
"male","Nicolas Brossette","10 jours en or",5.3
"male","Nicolas Philibert","To Be and to Have",7.9
"male","Nimrod Erez","2012: Science or Superstition",5.2
"male","Noah Baumbach","Kicking and Screaming",7.1
"male","Noah Baumbach","The Squid and the Whale",7.4
"male","Norman Jewison","...and justice for all.",7.4
"male","Norman Panama","Coffee, Tea or Me?",6.3
"male","Norman Taurog","The Beginning or the End",7
"male","N.T. Binh","Claude Sautet or the Invisible Magic",7.2
"female","Oklahoma Ward","Crawl or Die",4.3
"male","Ole Christian Madsen","Flame and Citron",7.3
"male","Ollie Bartlett","'8 Out of 10 Cats' Does 'Deal or No Deal'",6.9
"male","Ömer Vargi","For Love and Honour",7.9
"male","Owen Land","On the Marriage Broker Joke as Cited by Sigmund Freud in Wit and Its Relation to the Unconscious or Can the Avant-Garde Artist Be Wholed?",5.8
"male","Paco León","Carmina or Blow Up",6.3
"male","Patrick Demers","Regular or Super: Views on Mies van der Rohe",7.2
"male","Paul Grimault","The King and the Mockingbird",8
"male","Paul Hoen","Read It and Weep",5.7
"male","Paul King","Bunny and the Bull",6.7
"male","Paul J. Smith","Hot Noon or 12 O'Clock for Sure",6.4
"male","Paul Williams","Dealing: Or the Berkeley-to-Boston Forty-Brick Lost-Bag Blues",6.2
"male","Paul Driessen","2D or not 2D",6.6
"male","Paul Kafno","Twelfth Night, or What You Will",7.4
"male","Paul Czinner","Husbands or Lovers",6.7
"male","Paul Mazursky","Down and Out in Beverly Hills",6.1
"male","Paul Mazursky","Harry and Tonto",7.5
"male","Pedro Almodóvar","Pepi, Luci, Bom and Other Girls Like Mom",6.3
"male","Peter Weir","Master and Commander: The Far Side of the World",7.4
"male","Peter Davis","Hearts and Minds",8.4
"male","Peter Hewitt","Tom and Huck",5.6
"male","Peter Locke","You've Got to Walk It Like You Talk It or You'll Lose That Beat",5.4
"male","Peter Foldy","Head, Heart and Balls... or Why I Gave Up Smoking Pot",7.8
"male","Peter Kuran","Trinity and Beyond: The Atomic Bomb Movie",8
"male","Peter Wick","Long Strange Trip, or The Writer, the Naked Girl, and the Guy with a Hole in His Head",5.8
"male","Peter Sollett","Nick and Norah's Infinite Playlist",6.7
"male","Peter Chelsom","Hector and the Search for Happiness",7
"female","Petra Epperlein","The Prisoner or: How I Planned to Kill Tony Blair",6.9
"male","Petter Næss","Mozart and the Whale",6.9
"male","Phil Roman","Tom and Jerry: The Movie",5.3
"male","Phil Joanou","U2: Rattle and Hum",7.4
"male","Philip Haas","A Day on the Grand Canal with the Emperor of China or: Surface Is Illusion But So Is Depth",6.9
"male","Philip Martin","Einstein and Eddington",7.4
"male","Philip Haas","Angels and Insects",7
"male","Philip Austin","Eat or Be Eaten",7.8
"male","Philippe Grimond","Asterix and the Big Fight",6.4
"male","Phillip Noyce","Clear and Present Danger",6.9
"female","Pier Paolo Pasolini","The Hawks and the Sparrows",7.5
"female","Pier Paolo Pasolini","Salò, or the 120 Days of Sodom",6
"male","Piero Pierotti","Heads or Tails",5.9
"male","Pierre Grunstein","Tender Dracula, or Confessions of a Blood Drinker",4.3
"male","Pil-sung Yim","Hansel and Gretel",6.8
"female","Ping He","Warriors of Heaven and Earth",6.4
"male","Radu Mihaileanu","Live and Become",7.9
"female","Ragnheiður Gestsdóttir","Bjork: Inner or Deep Part of an Animal or Plant Structure",7.3
"male","Rainer Werner Fassbinder","Fox and His Friends",7.8
"male","Raj Dye","Singularity or Bust",6.8
"male","Ralph Bakshi","Fire and Ice",6.7
"male","Ramón Menéndez","Stand and Deliver",7.3
"male","Raoul Peck","Profit & Nothing But! Or Impolite Thoughts on the Class Struggle",7.6
"male","Raoul Servais","To Speak or Not to Speak",7.2
"male","Ray Dennis Steckler","The Incredibly Strange Creatures Who Stopped Living and Became Mixed-Up Zombies!!?",2.2
"female","Rebecca Miller","The Ballad of Jack and Rose",6.7
"male","Reha Erdem","Times and Winds",7.4
"male","René Veilleux","Deal or No Deal",5.5
"male","René Goscinny","Asterix and Cleopatra",7.2
"male","René Clair","And Then There Were None",7.6
"female","Renee Tajima-Pena","My America... or Honk If You Love Buddha",7.9
"male","Richard Wilson","Pay or Die",6.9
"male","Richard Linklater","Dazed and Confused",7.7
"male","Richard Kwietniowski","Love and Death on Long Island",7.1
"male","Richard Bond","Tupac Assassination: Conspiracy or Revenge",7.4
"male","Richard W. Munchkin","Dance or Die",3.2
"male","Richard Attenborough","In Love and War",6
"male","Richard Quine","Bell Book and Candle",6.9
"male","Richard Linklater","Me and Orson Welles",6.8
"male","Richard Elfman","Date or Disaster",8.1
"male","Richard Rich","The King and I",4
"male","Richard Loncraine","My One and Only",6.6
"male","Richard Lester","Robin and Marian",6.6
"male","Richard Bailey","Win, Place or Steal",4
"male","Ridley Scott","Exodus: Gods and Kings",6.1
"male","Ridley Scott","Exodus: Gods and Kings",6.1
"male","Risto Jarva","Night or Day",4.9
"male","Rob Cohen","The Fast and the Furious",6.7
"male","Rob Reiner","And So It Goes",5.8
"male","Robert Stevenson","Bedknobs and Broomsticks",7
"male","Robert Hughes","Phineas and Ferb the Movie: Across the 2nd Dimension",7.5
"male","Robert Z. Leonard","Pride and Prejudice",7.5
"male","Robert Stevenson","Darby O'Gill and the Little People",7.2
"male","Robert Clampett","Eatin' on the Cuff or The Moth Who Came to Dinner",7
"male","Robert Sidney Mellette","Jacks or Better",4.5
"male","Robert A. Ferretti","The Making of 'Evil Dead II' or The Gore the Merrier",7.9
"male","Robert W. Paul","Tetherball, or Do-Do",5.1
"male","Robert Michael Lewis","Guilty or Innocent: The Sam Sheppard Murder Case",7.7
"male","Robert Heath","Truth or Die",5.6
"male","Robert Hamer","Kind Hearts and Coronets",8.1
"male","Robert Rodriguez","The Adventures of Sharkboy and Lavagirl 3-D",3.5
"male","Robert Iscove","Boys and Girls",5.3
"male","Robert Altman","Buffalo Bill and the Indians, or Sitting Bull's History Lesson",6.2
"male","Robert Rossen","Body and Soul",7.8
"male","Robert Altman","Buffalo Bill and the Indians, or Sitting Bull's History Lesson",6.2
"male","Robert Iscove","It Was Him or Us",5.4
"male","Roberto Bianchi Montero","Durango Is Coming, Pay or Die",4
"male","Roberto Benigni","The Tiger and the Snow",7.2
"male","Rodrigo Gudiño","The Last Will and Testament of Rosalind Leigh",5.3
"male","Rodrigo García","Mother and Child",7.2
"male","Roger Vadim","...And God Created Woman",6.3
"male","Roger Spottiswoode","Stop! Or My Mom Will Shoot",4.1
"male","Roger Vadim","Don Juan (Or If Don Juan Were a Woman)",5
"male","Roger Spottiswoode","And the Band Played On",7.8
"male","Roger Corman","Gas! -Or- It Became Necessary to Destroy the World in Order to Save It.",3.9
"male","Roger Corman","Pit and the Pendulum",7.1
"male","Roland Joffé","Fat Man and Little Boy",6.5
"male","Roman Polanski","Death and the Maiden",7.3
"male","Ron Clements","The Princess and the Frog",7.1
"male","Ron Howard","Far and Away",6.5
"male","Ron Maxwell","Gods and Generals",6.3
"male","Ron Underwood","Heart and Souls",6.9
"male","Ronald Lyon","Ripley's Believe It or Not!",7.9
"female","Rose Troche","Bedrooms and Hallways",6.5
"male","Ross McElwee","Charleen or How Long Has This Been Going On?",7.4
"male","Rosser Goodman","Love or Whatever",5.7
"male","Rouben Mamoulian","Dr. Jekyll and Mr. Hyde",7.7
"female","Roxanne Meadows","Paradise or Oblivion",8.3
"male","Roy Mack","Double or Nothing",6.9
"male","Roy William Neill","Sherlock Holmes and the Secret Weapon",6.8
"male","Ruben Fleischer","30 Minutes or Less",6.1
"female","Rucha Humnabadkar","For Here or to Go?",8.7
"male","Rudolf Ising","Wild Honey, or, How to Get Along Without a Ration Book",6.1
"male","Rupert Sanders","Snow White and the Huntsman",6.1
"male","Ryan Little","Saints and Soldiers",6.8
"male","Ryan Little","Saints and Soldiers: Airborne Creed",5.6
"male","Salvador Aguirre","From Mesmer, with Love or Tea for Two",7.6
"male","Sam Raimi","The Quick and the Dead",6.4
"male","Sam Liu","Justice League: Gods and Monsters",7.1
"male","Sam Raimi","Oz the Great and Powerful",6.4
"male","Sam Wanamaker","Sinbad and the Eye of the Tiger",6.4
"male","Sammo Kam-Bo Hung","Once Upon a Time in China and America",6.4
"female","Sara Bond","The Origin or How I Learned to Stop Worrying and Love the J.O.I.N.T.",8.8
"male","Scot Bayless","James Bond 007: Everything or Nothing",8
"male","Scott Pembroke","Kill or Cure",5.6
"male","Sean Doyle","Ready or Not",4.9
"male","Sebastian Grunstra","For Better or for Worse: The Bestest Present",7.7
"male","Serge Frydman","Now or Never",5.7
"male","Sergey Bondarchuk","War and Peace",7.8
"male","Sergio Leone","The Good, the Bad and the Ugly",8.9
"male","Shunji Iwai","Fireworks, Should We See It from the Side or the Bottom?",7.2
"male","Shûsuke Kaneko","Godzilla, Mothra and King Ghidorah: Giant Monsters All-Out Attack",7.2
"male","Shûsuke Kaneko","Azumi 2: Death or Love",6.3
"male","Sidney Olcott","From the Manger to the Cross; or, Jesus of Nazareth",5.9
"male","Sijie Dai","Balzac and the Little Chinese Seamstress",7.3
"male","Silvio Soldini","Bread and Tulips",7.4
"male","Simon Wincer","Harley Davidson and the Marlboro Man",6
"male","Simon X. Rost","For Love or Money",4.8
"male","Siu-Tung Ching","An Empress and the Warriors",5.9
"male","Siu-Tung Ching","The Sorcerer and the White Snake",5.9
"male","Skylar Gordon","Ontologica! or a Brief Explanation of Absolutely Everything that is Known about Absolutely Everything",7.5
"female","Sophie Schoukens","Alice or Life in Black and White",6.5
"male","Spike Lee","Come Rain or Come Shine",3.3
"female","Stacy Peralta","Dogtown and Z-Boys",7.7
"male","Stanley Kubrick","Dr. Strangelove or: How I Learned to Stop Worrying and Love the Bomb",8.5
"male","Stanley Nelson","Jonestown: The Life and Death of Peoples Temple",7.9
"male","Stanley Kubrick","Fear and Desire",5.6
"male","Stanley Kubrick","Dr. Strangelove or: How I Learned to Stop Worrying and Love the Bomb",8.5
"male","Stefan Fjeldmark","Asterix and the Vikings",6
"male","Stephan Komandarev","The World is Big and Salvation Lurks Around the Corner",8.1
"male","Stéphane Berla","Jack and the Cuckoo-Clock Heart",7
"male","Stéphane Berla","Jack and the Cuckoo-Clock Heart",7
"male","Stephen Hopkins","The Life and Death of Peter Sellers",7
"male","Stephen Quay","Institute Benjamenta, or This Dream That One Calls Human Life",7.3
"male","Stephen Hopkins","The Ghost and the Darkness",6.8
"male","Stephen Goetsch","Alive or Dead",3.1
"male","Stephen Herek","Life or Something Like It",5.8
"male","Stevan Riley","Everything or Nothing",7.6
"male","Steve Gethers","Mercy or Murder?",7.5
"male","Steve Kloves","Flesh and Bone",6.3
"male","Steve Rash","Bring It On: All or Nothing",5.7
"male","Steve Hoefer","Drake and Josh Go Hollywood",6.9
"male","Steve Loter","Tinker Bell and the Legend of the NeverBeast",7.3
"male","Steven Spielberg","Indiana Jones and the Kingdom of the Crystal Skull",6.2
"male","Steven Soderbergh","Sex, Lies, and Videotape",7.2
"male","Steven Spielberg","Indiana Jones and the Last Crusade",8.3
"male","Steven Spielberg","Indiana Jones and the Temple of Doom",7.6
"male","Steven R. Monroe","Win, Lose or Love",5.9
"male","Stewart Raffill","Mac and Me",3.4
"female","Stina Werenfels","Dora or The Sexual Neuroses of Our Parents",6.3
"male","Stuart Gordon","The Pit and the Pendulum",6.1
"male","Stuart Clarke","Truth or Dare",5
"female","Su Friedrich","Sink or Swim",7.3
"female","Susannah Grant","Catch and Release",6
"female","Susanne Bier","The One and Only",6.9
"male","Tad Stones","Aladdin and the King of Thieves",6.4
"male","Takao Okawara","Godzilla and Mothra: The Battle for Earth",6.1
"male","Takashi Miike","Dead or Alive: Final",5.9
"male","Takashi Miike","Dead or Alive 2: Tôbôsha",6.9
"male","Takashi Miike","Dead or Alive",6.9
"male","Tamás Sas","You or Me",5.3
"male","Taylor Hackford","An Officer and a Gentleman",7
"male","Ted Berman","The Fox and the Hound",7.3
"male","Ted Post","Do Not Fold, Spindle or Mutilate",7.1
"male","Ted Kotcheff","Fun with Dick and Jane",6.5
"male","Teddy Chan","Bodyguards and Assassins",6.9
"male","Terry McDonough","An Adventure in Space and Time",8.3
"male","Terry Hughes","For Love or Money",5.2
"male","Terry Gilliam","Fear and Loathing in Las Vegas",7.7
"male","Terry Gilliam","Monty Python and the Holy Grail",8.3
"male","Tex Avery","Believe It or Else",6.9
"male","Theodore Reed","Double or Nothing",6.5
"male","Theodoros Angelopoulos","Eternity and a Day",7.8
"male","Thomas Schlamme","Bette Midler: Art or Bust",8.6
"male","Tim Hill","Alvin and the Chipmunks",5.2
"male","Tim Burton","Charlie and the Chocolate Factory",6.7
"male","Tim Stokes","Life or Meth",8.3
"male","Tim Heidecker","Tim and Eric's Billion Dollar Movie",5.3
"male","Tim Ritter","Screaming for Sanity: Truth or Dare 3",7.5
"male","Tim Ritter","Truth or Dare?: A Critical Madness",5.7
"male","Tim Ritter","Deadly Dares: Truth or Dare Part IV",7
"male","Tim Supple","Twelfth Night, or What You Will",6.5
"male","Todd Hallowell","Love or Money",4.7
"male","Todd E. Freeman","Come Hell or Highwater",5.2
"male","Togan Gökbakar","Celal and Ceren",2.4
"male","Tom Tykwer","The Princess and the Warrior",7.6
"male","Tom McGough","Alien Autopsy: (Fact or Fiction?)",4.4
"male","Tom Gianas","Hell and Back",5.3
"male","Tom Reeve","George and the Dragon",5.7
"male","Tomás Gutiérrez Alea","Strawberry and Chocolate",7.4
"male","Tommy Chong","Cheech and Chong's Next Movie",6.1
"male","Tomonobu Itagaki","Dead or Alive Xtreme Beach Volleyball",7.3
"male","Tomonobu Itagaki","Dead or Alive",6.9
"male","Tomonobu Itagaki","Dead or Alive 2 Ultimate",7.8
"male","Tomonobu Itagaki","Dead or Alive 2: Hardcore",7.5
"male","Tomonobu Itagaki","Dead or Alive 3",7.7
"male","Tomonobu Itagaki","Dead or Alive 1 Ultimate",6.3
"male","Travis Knight","Kubo and the Two Strings",8.3
"male","Trevor Nunn","Twelfth Night or What You Will",7.3
"male","Troy Miller","Dumb and Dumberer: When Harry Met Lloyd",3.4
"male","Tudor Giurgiu","Superman, Spiderman or Batman",7.9
"male","Vadim Perelman","House of Sand and Fog",7.6
"male","Vatroslav Mimica","Monday or Tuesday",7.9
"female","Vee Vitanza","Truth or Dare",7.3
"male","Ventura Pons","To Die (Or Not)",6.9
"female","Vera Chytilová","The Inheritance or Fuckoffguysgoodday",7.8
"male","Victor Fleming","Dr. Jekyll and Mr. Hyde",6.9
"male","Vincente Minnelli","The Bad and the Beautiful",7.9
"male","Vincenzo Musolino","Quintana: Dead or Alive",4.7
"male","Vitaliy Manskiy","Motherland or Death",7.1
"male","Vittorio Gassman","Kean: Genius or Scoundrel",6.3
"male","Vittorio De Sica","Yesterday, Today and Tomorrow",7.3
"male","Vladimír Slavínský","Girl or Boy?",6
"male","Vojko Anzeljc","The Last Supper or How Two Madmen Made a Film",7.3
"male","Walt Becker","Alvin and the Chipmunks: The Road Chip",5.1
"male","Walt Kubiak","Alvin and the Chipmunks: Trick or Treason",7.3
"male","Walter Lang","The King and I",7.5
"male","Walter R. Booth","What Came Out of the Cheese; or, The Lilliputians in a New York Restaurant",5.9
"male","Walter R. Booth","Scrooge; or Marley's Ghost",5.7
"male","Walter R. Booth","Upside Down; or, The Human Flies",6.4
"male","Wayne Wang","Snow Flower and the Secret Fan",6.1
"male","Wendell Jon Andersson","With or Without You",7
"male","Werner Schroeter","Palermo or Wolfsburg",6.8
"male","Wes Craven","The Serpent and the Rainbow",6.5
"male","Wilhelm Thiele","Beg, Borrow or Steal",6.6
"male","Will Geiger","Elvis and Anabelle",7.4
"male","Will Ehbrecht","Angels vs. Demons: Fact or Fiction?",7
"male","William K.L. Dickson","Duncan or Devonald with Muslin Cloud",5.2
"male","William Kaufman","Sinners and Saints",6.2
"male","William A. Wellman","The High and the Mighty",6.9
"male","William Cottrell","Snow White and the Seven Dwarfs",7.7
"male","William Dear","Harry and the Hendersons",5.9
"male","William Keighley","Bullets or Ballots",7.1
"male","William Friedkin","To Live and Die in L.A.",7.3
"male","William Dieterle","The Devil and Daniel Webster",7.8
"male","William Branden Blinn","Thirteen or So Minutes",6.8
"male","Wolfgang Petersen","One or the Other",7.1
"male","Wolfgang Reitherman","Winnie the Pooh and the Blustery Day",8
"male","Woody Allen","Shadows and Fog",6.8
"male","Woody Allen","Crimes and Misdemeanors",8
"male","Woody Allen","Melinda and Melinda",6.5
"male","Woody Allen","Love and Death",7.8
"male","Woody Allen","Husbands and Wives",7.6
"male","Woody Allen","Sweet and Lowdown",7.3
"male","Woody Allen","Take the Money and Run",7.3
"male","Woody Allen","Hannah and Her Sisters",8
"male","Xavier Beauvois","Of Gods and Men",7.2
"male","Yasuo Baba","Bubble Fiction: Boom or Bust",6.8
"male","Yee Sing Cheng","To Suntan or Suicide",6.9
"male","Yohei Shimbori","Dead or Alive 5",7.8
"male","Yohei Shimbori","Dead or Alive 5 Ultimate",8.2
"male","Yvan Le Moine","Friday or Another Day",6.4
"male","Yvan Attal","...And They Lived Happily Ever After",6.6
"male","Zachary Heinzerling","Cutie and the Boxer",7.2
"male","Zalman King","Pleasure or Pain",4.5
"female","Zhara Moufid","A Portrait of an Artist: The Making of 'Get Rich or Die Tryin'",7
"male","Zoltan Korda","For Love or Money",6.1
